"source","term_name","term_id","adjusted_p_value","negative_log10_of_adjusted_p_value","term_size","query_size","intersection_size","effective_domain_size","intersections"
"REAC","Amine ligand-binding receptors","REAC:R-HSA-375280","5.448635662739138e-44","43.26371223136035","42","382","36","10531","DRD2,HTR2A,HTR2C,DRD1,DRD5,ADRA1A,HTR1A,HRH1,HTR6,ADRA1B,CHRM1,ADRA2A,ADRA2C,DRD3,ADRA2B,HTR7,HTR1D,HTR5A,DRD4,HTR1B,HTR2B,CHRM3,HTR1E,CHRM2,CHRM4,ADRB1,CHRM5,ADRB2,ADRA1D,HRH4,ADRB3,HRH3,HTR1F,HTR4,HRH2,TAAR1"
"REAC","Signal Transduction","REAC:R-HSA-162582","5.399997667622386e-32","31.267606427758317","2687","382","208","10531","DRD2,HTR2A,HTR2C,DRD1,DRD5,TUBB4B,TUBB4A,TUBB2B,TUBB2A,TUBB3,ADRA1A,TUBB6,HTR1A,TUBB1,TUBA4A,TUBA1C,TUBA1B,TUBA1A,TUBA3C,TUBA8,HRH1,HTR6,MAPK8,ADRA1B,CHRM1,ADRA2A,KIT,ADRA2C,FLT3,PDGFRB,PDGFRA,KDR,FLT4,DRD3,ADRA2B,CALM2,HTR7,HDAC2,HDAC1,FRK,CSK,HTR1D,PTK6,FLT1,LYN,SRMS,AR,HTR5A,MATK,MET,FGFR4,FYN,RET,TEC,PRKCI,DRD4,HTR1B,HTR2B,ESR1,CHRM3,LCK,ABL1,HTR1E,CHRM2,SRC,MAPK14,PRKCA,MAPK11,YES1,PRKCB,PRKCG,PRKCE,PRKCZ,SYK,BTK,FER,ERBB2,EGFR,FES,MAPK13,CHRM4,ADRB1,CHRM5,ADRB2,PRKCQ,ESR2,PRKCD,JUN,ADRA1D,ADORA2A,HRH4,ADRB3,HRH3,BRAF,HDAC3,MAPK12,NTRK2,NR1H3,BCL2,HTR1F,PDPK1,GSK3B,CHD1,TEK,NTRK1,RAF1,ADORA1,AURKB,ADORA2B,ADORA3,MMP3,SSTR2,SSTR5,SGK1,PTK2B,AXL,GNRHR,HDAC8,RXRA,ATP6V1A,RARB,OPRM1,CDK2,IKBKB,OPRK1,HTR4,GRIN2B,RXRB,MAPKAPK2,HRH2,CASR,RARG,RARA,RXRG,MAPK3,PIK3CG,HDAC6,CSNK1G2,GRIN1,S1PR5,BCR,GABRB3,OPRD1,PSMB1,PTPRS,GRIN2D,PSMB5,STAT5B,PPP3R1,RHO,CDK1,PPARG,MAP2K1,MAP2K2,OPRL1,PNLIP,CDK5,MAPKAPK3,LHCGR,GSK3A,MAPK1,CSNK2A1,GABRB1,GABRB2,ARAF,STK3,SSTR4,SSTR1,CAMK4,ALDH1A2,ULK3,CLPS,ALDH1A1,PAK2,PPARD,AKR1C1,AKR1B10,PAK3,PAK1,CSNK2A2,RPS6KA1,SSTR3,AKR1C3,S100B,TAAR1,TFF1,ALDH1A3,AKR1C4,AVPR2,AVPR1A,RPS6KA3,OXTR,ARF6,MAP2K5,AGTR1,AKT2,MC1R,INS,NTRK3,MARK3,JAK2,HCRTR2,CCKAR,PTK2,ADCY1,HCRTR1,PSMB8,MC2R"
"REAC","Class A/1 (Rhodopsin-like receptors)","REAC:R-HSA-373076","2.5521699603549553e-25","24.59309040738564","328","382","62","10531","DRD2,HTR2A,HTR2C,DRD1,DRD5,ADRA1A,HTR1A,HRH1,HTR6,ADRA1B,CHRM1,ADRA2A,ADRA2C,DRD3,ADRA2B,HTR7,HTR1D,HTR5A,DRD4,HTR1B,HTR2B,CHRM3,HTR1E,CHRM2,CHRM4,ADRB1,CHRM5,ADRB2,ADRA1D,ADORA2A,HRH4,ADRB3,HRH3,HTR1F,ADORA1,ADORA2B,ADORA3,SSTR2,SSTR5,GNRHR,OPRM1,OPRK1,HTR4,HRH2,S1PR5,OPRD1,RHO,OPRL1,LHCGR,SSTR4,SSTR1,SSTR3,TAAR1,AVPR2,AVPR1A,OXTR,AGTR1,MC1R,HCRTR2,CCKAR,HCRTR1,MC2R"
"REAC","Neurotransmitter receptors and postsynaptic signal transmission","REAC:R-HSA-112314","2.0194005329457555e-21","20.694777533460393","196","382","45","10531","TUBB4B,TUBB4A,TUBB2B,TUBB2A,TUBB3,TUBB6,TUBB1,TUBA4A,TUBA1C,TUBA1B,TUBA1A,TUBA3C,TUBA8,CALM2,HTR3A,SRC,PRKCA,PRKCB,PRKCG,PDPK1,CAMK1,HTR3E,GRIN2A,HTR3D,HTR3C,GRIN2B,GLRA3,GRIN2C,MAPK3,GRIN3A,HTR3B,GRIN1,GABRB3,GRIN3B,GRIN2D,GLRA1,GLRA2,MAPK1,GABRB1,GABRB2,CAMK4,RPS6KA1,RPS6KA3,RPS6KA6,ADCY1"
"REAC","Activation of NMDA receptors and postsynaptic events","REAC:R-HSA-442755","3.9241726095042555e-20","19.40625189790103","89","382","31","10531","TUBB4B,TUBB4A,TUBB2B,TUBB2A,TUBB3,TUBB6,TUBB1,TUBA4A,TUBA1C,TUBA1B,TUBA1A,TUBA3C,TUBA8,CALM2,SRC,PDPK1,CAMK1,GRIN2A,GRIN2B,GRIN2C,MAPK3,GRIN3A,GRIN1,GRIN3B,GRIN2D,MAPK1,CAMK4,RPS6KA1,RPS6KA3,RPS6KA6,ADCY1"
"REAC","Signaling by Receptor Tyrosine Kinases","REAC:R-HSA-9006934","4.633606382403468e-20","19.334080861614396","486","382","68","10531","KIT,FLT3,PDGFRB,PDGFRA,KDR,FLT4,CALM2,CSK,PTK6,FLT1,LYN,MATK,MET,FGFR4,FYN,TEC,ESR1,LCK,SRC,MAPK14,PRKCA,MAPK11,YES1,PRKCB,PRKCE,PRKCZ,FER,ERBB2,EGFR,FES,MAPK13,PRKCD,ADORA2A,BRAF,MAPK12,NTRK2,PDPK1,NTRK1,SGK1,PTK2B,AXL,ATP6V1A,GRIN2B,MAPKAPK2,MAPK3,GABRB3,PTPRS,STAT5B,MAP2K1,MAP2K2,CDK5,MAPKAPK3,MAPK1,GABRB1,GABRB2,PAK2,PAK3,PAK1,RPS6KA1,S100B,RPS6KA3,ARF6,MAP2K5,AKT2,INS,NTRK3,JAK2,PTK2"
"REAC","Post NMDA receptor activation events","REAC:R-HSA-438064","4.81051976091928e-20","19.31780799699331","76","382","29","10531","TUBB4B,TUBB4A,TUBB2B,TUBB2A,TUBB3,TUBB6,TUBB1,TUBA4A,TUBA1C,TUBA1B,TUBA1A,TUBA3C,TUBA8,CALM2,SRC,PDPK1,CAMK1,GRIN2A,GRIN2B,GRIN2C,MAPK3,GRIN1,GRIN2D,MAPK1,CAMK4,RPS6KA1,RPS6KA3,RPS6KA6,ADCY1"
"REAC","Transmission across Chemical Synapses","REAC:R-HSA-112315","1.5533182126603498e-19","18.808739565619877","259","382","49","10531","TUBB4B,TUBB4A,TUBB2B,TUBB2A,TUBB3,TUBB6,TUBB1,TUBA4A,TUBA1C,TUBA1B,TUBA1A,TUBA3C,TUBA8,CALM2,SLC6A4,HTR3A,SRC,PRKCA,PRKCB,PRKCG,SLC6A3,PDPK1,CAMK1,HTR3E,GRIN2A,HTR3D,HTR3C,ALDH2,HSPA8,GRIN2B,GLRA3,GRIN2C,MAPK3,GRIN3A,HTR3B,GRIN1,GABRB3,GRIN3B,GRIN2D,GLRA1,GLRA2,MAPK1,GABRB1,GABRB2,CAMK4,RPS6KA1,RPS6KA3,RPS6KA6,ADCY1"
"REAC","GPCR ligand binding","REAC:R-HSA-500792","6.049900751124441e-18","17.218251749908283","459","382","63","10531","DRD2,HTR2A,HTR2C,DRD1,DRD5,ADRA1A,HTR1A,HRH1,HTR6,ADRA1B,CHRM1,ADRA2A,ADRA2C,DRD3,ADRA2B,HTR7,HTR1D,HTR5A,DRD4,HTR1B,HTR2B,CHRM3,HTR1E,CHRM2,CHRM4,ADRB1,CHRM5,ADRB2,ADRA1D,ADORA2A,HRH4,ADRB3,HRH3,HTR1F,ADORA1,ADORA2B,ADORA3,SSTR2,SSTR5,GNRHR,OPRM1,OPRK1,HTR4,HRH2,CASR,S1PR5,OPRD1,RHO,OPRL1,LHCGR,SSTR4,SSTR1,SSTR3,TAAR1,AVPR2,AVPR1A,OXTR,AGTR1,MC1R,HCRTR2,CCKAR,HCRTR1,MC2R"
"REAC","Assembly and cell surface presentation of NMDA receptors","REAC:R-HSA-9609736","1.990104447217508e-15","14.701124129791374","43","382","20","10531","TUBB4B,TUBB4A,TUBB2B,TUBB2A,TUBB3,TUBB6,TUBB1,TUBA4A,TUBA1C,TUBA1B,TUBA1A,TUBA3C,TUBA8,GRIN2A,GRIN2B,GRIN2C,GRIN3A,GRIN1,GRIN3B,GRIN2D"
"REAC","Serotonin receptors","REAC:R-HSA-390666","2.049436050166254e-15","14.68836562869816","12","382","12","10531","HTR2A,HTR2C,HTR1A,HTR6,HTR7,HTR1D,HTR5A,HTR1B,HTR2B,HTR1E,HTR1F,HTR4"
"REAC","Neuronal System","REAC:R-HSA-112316","2.0849803276237527e-15","14.680898038361569","400","382","55","10531","TUBB4B,TUBB4A,TUBB2B,TUBB2A,TUBB3,TUBB6,TUBB1,TUBA4A,TUBA1C,TUBA1B,TUBA1A,TUBA3C,KCNH2,TUBA8,CALM2,SLC6A4,HTR3A,SRC,PRKCA,PRKCB,PRKCG,SLC6A3,PDPK1,CAMK1,KCNH7,HTR3E,GRIN2A,HTR3D,HTR3C,ALDH2,HSPA8,GRIN2B,GLRA3,GRIN2C,MAPK3,GRIN3A,HTR3B,GRIN1,GABRB3,GRIN3B,PTPRS,GRIN2D,GLRA1,GLRA2,MAPK1,GABRB1,GABRB2,CAMK4,KCNH6,RPS6KA1,RPS6KA3,NTRK3,KCNH1,RPS6KA6,ADCY1"
"REAC","Nervous system development","REAC:R-HSA-9675108","8.922308869617717e-15","14.04952274656753","574","382","66","10531","TUBB4B,TUBB4A,TUBB2B,TUBB2A,TUBB3,TUBB6,TUBB1,TUBA4A,TUBA1C,TUBA1B,TUBA1A,TUBA3C,TUBA8,MAPK8,HDAC2,LYN,MET,FYN,RET,EPHB1,EPHA3,ABL1,SRC,EPHB4,MAPK14,PRKCA,MAPK11,YES1,ABL2,EPHA7,EPHA4,ERBB2,EGFR,FES,MAPK13,HMGCR,PRKCQ,EPHA2,EPHA8,EPHA5,EPHB2,EPHA1,MAPK12,GSK3B,EPHA6,HSPA8,GRIN2B,MAPK3,GRIN1,PSMB1,PSMB5,MAP2K1,MAP2K2,CDK5,MAPK1,CSNK2A1,PAK2,PAK3,PAK1,CSNK2A2,RPS6KA1,RPS6KA3,RPS6KA6,PAK4,PTK2,PSMB8"
"REAC","Axon guidance","REAC:R-HSA-422475","1.4813890797887638e-14","13.829330861118851","549","382","64","10531","TUBB4B,TUBB4A,TUBB2B,TUBB2A,TUBB3,TUBB6,TUBB1,TUBA4A,TUBA1C,TUBA1B,TUBA1A,TUBA3C,TUBA8,MAPK8,LYN,MET,FYN,RET,EPHB1,EPHA3,ABL1,SRC,EPHB4,MAPK14,PRKCA,MAPK11,YES1,ABL2,EPHA7,EPHA4,ERBB2,EGFR,FES,MAPK13,PRKCQ,EPHA2,EPHA8,EPHA5,EPHB2,EPHA1,MAPK12,GSK3B,EPHA6,HSPA8,GRIN2B,MAPK3,GRIN1,PSMB1,PSMB5,MAP2K1,MAP2K2,CDK5,MAPK1,CSNK2A1,PAK2,PAK3,PAK1,CSNK2A2,RPS6KA1,RPS6KA3,RPS6KA6,PAK4,PTK2,PSMB8"
"REAC","GPCR downstream signalling","REAC:R-HSA-388396","3.2809186872911827e-12","11.484004532825882","1088","382","91","10531","HTR2A,HTR2C,DRD1,DRD5,ADRA1A,HTR1A,HRH1,HTR6,ADRA1B,CHRM1,ADRA2A,ADRA2C,DRD3,ADRA2B,CALM2,HTR7,HTR1D,HTR5A,DRD4,HTR1B,HTR2B,CHRM3,HTR1E,CHRM2,SRC,PRKCA,PRKCB,PRKCG,PRKCE,BTK,EGFR,CHRM4,ADRB1,CHRM5,ADRB2,PRKCQ,PRKCD,ADRA1D,ADORA2A,HRH4,ADRB3,HRH3,HTR1F,PDPK1,ADORA1,ADORA2B,ADORA3,MMP3,SSTR2,SSTR5,GNRHR,OPRM1,OPRK1,HTR4,HRH2,CASR,MAPK3,PIK3CG,S1PR5,OPRD1,PPP3R1,RHO,OPRL1,PNLIP,CDK5,LHCGR,MAPK1,SSTR4,SSTR1,CAMK4,CLPS,AKR1C1,AKR1B10,PAK1,RPS6KA1,SSTR3,AKR1C3,TAAR1,AKR1C4,AVPR2,AVPR1A,RPS6KA3,OXTR,AGTR1,AKT2,MC1R,HCRTR2,CCKAR,ADCY1,HCRTR1,MC2R"
"REAC","Microtubule-dependent trafficking of connexons from Golgi to the plasma membrane","REAC:R-HSA-190840","4.432177040902988e-12","11.353382900276108","20","382","13","10531","TUBB4B,TUBB4A,TUBB2B,TUBB2A,TUBB3,TUBB6,TUBB1,TUBA4A,TUBA1C,TUBA1B,TUBA1A,TUBA3C,TUBA8"
"REAC","Transport of connexons to the plasma membrane","REAC:R-HSA-190872","1.1255680285301186e-11","10.948628251420988","21","382","13","10531","TUBB4B,TUBB4A,TUBB2B,TUBB2A,TUBB3,TUBB6,TUBB1,TUBA4A,TUBA1C,TUBA1B,TUBA1A,TUBA3C,TUBA8"
"REAC","L1CAM interactions","REAC:R-HSA-373760","3.882778108005957e-11","10.410857427692969","119","382","26","10531","TUBB4B,TUBB4A,TUBB2B,TUBB2A,TUBB3,TUBB6,TUBB1,TUBA4A,TUBA1C,TUBA1B,TUBA1A,TUBA3C,TUBA8,EGFR,EPHB2,HSPA8,MAPK3,MAP2K1,MAP2K2,MAPK1,CSNK2A1,PAK1,CSNK2A2,RPS6KA1,RPS6KA3,RPS6KA6"
"REAC","Adrenoceptors","REAC:R-HSA-390696","4.63638773062695e-11","10.333820252123768","9","382","9","10531","ADRA1A,ADRA1B,ADRA2A,ADRA2C,ADRA2B,ADRB1,ADRB2,ADRA1D,ADRB3"
"REAC","Signaling by GPCR","REAC:R-HSA-372790","5.1725195207754635e-11","10.286297861658058","1158","382","92","10531","DRD2,HTR2A,HTR2C,DRD1,DRD5,ADRA1A,HTR1A,HRH1,HTR6,ADRA1B,CHRM1,ADRA2A,ADRA2C,DRD3,ADRA2B,CALM2,HTR7,HTR1D,HTR5A,DRD4,HTR1B,HTR2B,CHRM3,HTR1E,CHRM2,SRC,PRKCA,PRKCB,PRKCG,PRKCE,BTK,EGFR,CHRM4,ADRB1,CHRM5,ADRB2,PRKCQ,PRKCD,ADRA1D,ADORA2A,HRH4,ADRB3,HRH3,HTR1F,PDPK1,ADORA1,ADORA2B,ADORA3,MMP3,SSTR2,SSTR5,GNRHR,OPRM1,OPRK1,HTR4,HRH2,CASR,MAPK3,PIK3CG,S1PR5,OPRD1,PPP3R1,RHO,OPRL1,PNLIP,CDK5,LHCGR,MAPK1,SSTR4,SSTR1,CAMK4,CLPS,AKR1C1,AKR1B10,PAK1,RPS6KA1,SSTR3,AKR1C3,TAAR1,AKR1C4,AVPR2,AVPR1A,RPS6KA3,OXTR,AGTR1,AKT2,MC1R,HCRTR2,CCKAR,ADCY1,HCRTR1,MC2R"
"REAC","Post-chaperonin tubulin folding pathway","REAC:R-HSA-389977","5.92289963600614e-11","10.227465626450398","23","382","13","10531","TUBB4B,TUBB4A,TUBB2B,TUBB2A,TUBB3,TUBB6,TUBB1,TUBA4A,TUBA1C,TUBA1B,TUBA1A,TUBA3C,TUBA8"
"REAC","Activation of AMPK downstream of NMDARs","REAC:R-HSA-9619483","6.375053957490055e-11","10.195516135075808","28","382","14","10531","TUBB4B,TUBB4A,TUBB2B,TUBB2A,TUBB3,TUBB6,TUBB1,TUBA4A,TUBA1C,TUBA1B,TUBA1A,TUBA3C,TUBA8,CALM2"
"REAC","Cytokine Signaling in Immune system","REAC:R-HSA-1280215","1.0481009078891555e-10","9.979596902820072","816","382","73","10531","MAPK8,KIT,FLT3,PDGFRB,PDGFRA,CSF1R,CALM2,CSK,LYN,HCK,MET,FGFR4,MAPK10,FYN,RET,TEC,MAPK9,LCK,SRC,MAPK14,MAPK11,YES1,SYK,ERBB2,EGFR,PRKCD,JUN,PTGS2,BRAF,BCL2,PDPK1,TEK,RAF1,PIM1,MMP3,PTK2B,MMP1,OPRM1,IKBKB,HSPA8,GRIN2B,MAPKAPK2,PPIA,MAPK3,GRIN1,PTPN4,BCL2L1,OPRD1,PSMB1,GRIN2D,PSMB5,STAT5B,MAP2K1,MAP2K2,MAPKAPK3,ALOX5,MAPK1,ARAF,IGHG1,PAK2,IGHG4,RPS6KA1,S100B,MTAP,ARF1,RPS6KA3,AKT2,MARK3,SOD1,JAK2,HSP90B1,PTK2,PSMB8"
"REAC","Recycling pathway of L1","REAC:R-HSA-437239","1.6237948509409065e-10","9.789468840077726","48","382","17","10531","TUBB4B,TUBB4A,TUBB2B,TUBB2A,TUBB3,TUBB6,TUBB1,TUBA4A,TUBA1C,TUBA1B,TUBA1A,TUBA3C,TUBA8,MAPK1,RPS6KA1,RPS6KA3,RPS6KA6"
"REAC","Formation of tubulin folding intermediates by CCT/TriC","REAC:R-HSA-389960","4.875662356686212e-10","9.31196637723439","26","382","13","10531","TUBB4B,TUBB4A,TUBB2B,TUBB2A,TUBB3,TUBB6,TUBB1,TUBA4A,TUBA1C,TUBA1B,TUBA1A,TUBA3C,TUBA8"
"REAC","RHO GTPases activate IQGAPs","REAC:R-HSA-5626467","6.5608818790149e-10","9.18303778113522","32","382","14","10531","TUBB4B,TUBB4A,TUBB2B,TUBB2A,TUBB3,TUBB6,TUBB1,TUBA4A,TUBA1C,TUBA1B,TUBA1A,TUBA3C,TUBA8,CALM2"
"REAC","Signaling by VEGF","REAC:R-HSA-194138","8.355333796092346e-10","9.078036195333096","104","382","23","10531","KDR,FLT4,CALM2,FLT1,FYN,MAPK14,PRKCA,MAPK11,PRKCB,PRKCZ,MAPK13,PRKCD,MAPK12,PDPK1,PTK2B,AXL,MAPKAPK2,MAPKAPK3,PAK2,PAK3,PAK1,AKT2,PTK2"
"REAC","G alpha (i) signalling events","REAC:R-HSA-418594","1.2149166466744932e-9","8.915453517235294","401","382","46","10531","HTR1A,ADRA2A,ADRA2C,DRD3,ADRA2B,CALM2,HTR1D,HTR5A,DRD4,HTR1B,HTR1E,CHRM2,SRC,PRKCA,PRKCG,CHRM4,PRKCQ,PRKCD,HRH4,HRH3,HTR1F,ADORA1,ADORA3,SSTR2,SSTR5,OPRM1,OPRK1,CASR,S1PR5,OPRD1,PPP3R1,RHO,OPRL1,PNLIP,CDK5,MAPK1,SSTR4,SSTR1,CAMK4,CLPS,AKR1C1,AKR1B10,SSTR3,AKR1C3,AKR1C4,ADCY1"
"REAC","Nuclear Receptor transcription pathway","REAC:R-HSA-383280","2.3649886042589744e-9","8.626170947577066","41","382","15","10531","AR,ESR1,ESRRG,ESR2,ESRRA,ESRRB,RXRA,RARB,RXRB,RARG,RARA,RXRG,PPARG,PPARA,PPARD"
"REAC","Signaling by Interleukins","REAC:R-HSA-449147","4.024503126051282e-9","8.395287730932015","446","382","48","10531","MAPK8,CSF1R,LYN,HCK,MAPK10,FYN,TEC,MAPK9,LCK,MAPK14,MAPK11,YES1,SYK,JUN,PTGS2,BCL2,PIM1,MMP3,PTK2B,MMP1,OPRM1,IKBKB,HSPA8,MAPKAPK2,PPIA,MAPK3,PTPN4,BCL2L1,OPRD1,PSMB1,PSMB5,STAT5B,MAP2K1,MAPKAPK3,ALOX5,MAPK1,IGHG1,PAK2,IGHG4,RPS6KA1,S100B,MTAP,ARF1,RPS6KA3,SOD1,JAK2,HSP90B1,PSMB8"
"REAC","Disease","REAC:R-HSA-1643685","5.323054283811641e-9","8.273839104926317","1397","382","99","10531","DRD1,DRD5,TUBB4B,TUBB4A,TUBB2B,TUBB2A,TUBB3,TUBB6,TUBB1,TUBA4A,TUBA1C,TUBA1B,TUBA1A,TUBA3C,TUBA8,HTR6,MAPK8,KIT,PDGFRB,PDGFRA,KDR,FGFR1,FGFR2,FGFR3,CALM2,HTR7,HDAC2,HDAC1,CSK,LYN,HCK,MET,FGFR4,FYN,ESR1,LCK,ABL1,SLC6A2,SRC,MAPK14,YES1,FGR,SYK,BTK,ERBB2,EGFR,ADRB1,SLC6A3,ADRB2,ESR2,JUN,ADORA2A,ADRB3,BRAF,HDAC3,PDPK1,GSK3B,RAF1,ADORA2B,HDAC8,IKBKB,HTR4,HRH2,PPIA,MAPK3,HDAC6,ABCB11,BCR,PSMB1,PSMB5,STAT5B,MAP2K1,MAP2K2,CDK5,LHCGR,GSK3A,MAPK1,ARAF,IGHG1,CAPN1,IGHG2,TLR4,CAMK4,CDK7,PAK2,IGHG4,TAAR1,ARF1,AVPR2,AVPR1A,LY96,AKT2,MC1R,MARK3,JAK2,PTK2,ADCY1,PSMB8,MC2R"
"REAC","VEGFA-VEGFR2 Pathway","REAC:R-HSA-4420097","6.409438179411976e-9","8.193180036982685","94","382","21","10531","KDR,CALM2,FYN,MAPK14,PRKCA,MAPK11,PRKCB,PRKCZ,MAPK13,PRKCD,MAPK12,PDPK1,PTK2B,AXL,MAPKAPK2,MAPKAPK3,PAK2,PAK3,PAK1,AKT2,PTK2"
"REAC","Intracellular signaling by second messengers","REAC:R-HSA-9006925","7.89580202832189e-9","8.102603749280318","289","382","37","10531","KIT,PDGFRB,PDGFRA,CALM2,HDAC2,HDAC1,FRK,MET,FGFR4,FYN,ESR1,LCK,SRC,PRKCA,PRKCG,PRKCE,ERBB2,EGFR,ESR2,PRKCD,JUN,HDAC3,PDPK1,GSK3B,MAPK3,PSMB1,PSMB5,PPARG,GSK3A,MAPK1,CSNK2A1,CAMK4,CSNK2A2,AKT2,INS,ADCY1,PSMB8"
"REAC","FLT3 Signaling","REAC:R-HSA-9607240","1.0203964743622935e-8","7.991231050618546","250","382","34","10531","KIT,FLT3,PDGFRB,PDGFRA,CALM2,CSK,HCK,MET,FGFR4,FYN,RET,SRC,ERBB2,EGFR,BRAF,PDPK1,TEK,RAF1,GRIN2B,MAPK3,GRIN1,PSMB1,GRIN2D,PSMB5,STAT5B,MAP2K1,MAP2K2,MAPK1,ARAF,AKT2,MARK3,JAK2,PTK2,PSMB8"
"REAC","Sealing of the nuclear envelope (NE) by ESCRT-III","REAC:R-HSA-9668328","1.3353437367039006e-8","7.874406926255742","32","382","13","10531","TUBB4B,TUBB4A,TUBB2B,TUBB2A,TUBB3,TUBB6,TUBB1,TUBA4A,TUBA1C,TUBA1B,TUBA1A,TUBA3C,TUBA8"
"REAC","Cooperation of Prefoldin and TriC/CCT  in actin and tubulin folding","REAC:R-HSA-389958","2.1316642974242536e-8","7.671281188602165","33","382","13","10531","TUBB4B,TUBB4A,TUBB2B,TUBB2A,TUBB3,TUBB6,TUBB1,TUBA4A,TUBA1C,TUBA1B,TUBA1A,TUBA3C,TUBA8"
"REAC","EPH-Ephrin signaling","REAC:R-HSA-2682334","2.201847123101619e-8","7.6572128379066005","90","382","20","10531","LYN,FYN,EPHB1,EPHA3,EPHB4,YES1,EPHA7,EPHA4,EPHA2,EPHA8,EPHA5,EPHB2,EPHA1,EPHA6,GRIN2B,GRIN1,PAK2,PAK3,PAK1,PTK2"
"REAC","Diseases of signal transduction by growth factor receptors and second messengers","REAC:R-HSA-5663202","2.3865956054210416e-8","7.622221163403274","359","382","41","10531","KIT,PDGFRB,PDGFRA,KDR,FGFR1,FGFR2,FGFR3,CALM2,HDAC2,HDAC1,CSK,MET,FGFR4,FYN,ESR1,LCK,SRC,ERBB2,EGFR,ESR2,BRAF,HDAC3,PDPK1,GSK3B,RAF1,HDAC8,MAPK3,HDAC6,BCR,PSMB1,PSMB5,STAT5B,MAP2K1,MAP2K2,GSK3A,MAPK1,ARAF,AKT2,MARK3,JAK2,PSMB8"
"REAC","MAPK family signaling cascades","REAC:R-HSA-5683057","3.768952141698963e-8","7.423779377203623","276","382","35","10531","KIT,FLT3,PDGFRB,PDGFRA,CALM2,CSK,MET,FGFR4,FYN,RET,SRC,ERBB2,EGFR,JUN,BRAF,TEK,RAF1,GRIN2B,MAPK3,GRIN1,PSMB1,GRIN2D,PSMB5,CDK1,MAP2K1,MAP2K2,MAPK1,ARAF,PAK2,PAK3,PAK1,MARK3,JAK2,PTK2,PSMB8"
"REAC","HSP90 chaperone cycle for steroid hormone receptors (SHR)","REAC:R-HSA-3371497","4.568105702534621e-8","7.34026385539785","57","382","16","10531","TUBB4B,TUBB4A,TUBB2B,TUBB2A,TUBB3,TUBB6,TUBB1,TUBA4A,TUBA1C,TUBA1B,TUBA1A,TUBA3C,TUBA8,AR,HSPA8,HSPA2"
"REAC","Activation of the AP-1 family of transcription factors","REAC:R-HSA-450341","5.5053049635074846e-8","7.259218618508745","10","382","8","10531","MAPK8,MAPK10,MAPK9,MAPK14,MAPK11,JUN,MAPK3,MAPK1"
"REAC","Infectious disease","REAC:R-HSA-5663205","9.580321185128836e-8","7.018619930734516","751","382","63","10531","DRD1,DRD5,TUBB4B,TUBB4A,TUBB2B,TUBB2A,TUBB3,TUBB6,TUBB1,TUBA4A,TUBA1C,TUBA1B,TUBA1A,TUBA3C,TUBA8,HTR6,MAPK8,CALM2,HTR7,LYN,HCK,MET,FYN,LCK,ABL1,SRC,MAPK14,YES1,FGR,SYK,BTK,EGFR,ADRB1,ADRB2,JUN,ADORA2A,ADRB3,HDAC3,ADORA2B,HTR4,HRH2,PPIA,MAPK3,PSMB1,PSMB5,MAP2K1,MAP2K2,LHCGR,GSK3A,MAPK1,IGHG1,IGHG2,CDK7,PAK2,IGHG4,TAAR1,ARF1,AVPR2,MC1R,PTK2,ADCY1,PSMB8,MC2R"
"REAC","Signaling by NTRKs","REAC:R-HSA-166520","1.0415072044894367e-7","6.982337721530747","130","382","23","10531","SRC,MAPK14,MAPK11,MAPK13,ADORA2A,BRAF,MAPK12,NTRK2,NTRK1,SGK1,GRIN2B,MAPKAPK2,MAPK3,PTPRS,MAP2K1,MAP2K2,CDK5,MAPKAPK3,MAPK1,RPS6KA1,RPS6KA3,MAP2K5,NTRK3"
"REAC","Aggrephagy","REAC:R-HSA-9646399","1.0747710242180356e-7","6.968684050642151","44","382","14","10531","TUBB4B,TUBB4A,TUBB2B,TUBB2A,TUBB3,TUBB6,TUBB1,TUBA4A,TUBA1C,TUBA1B,TUBA1A,TUBA3C,TUBA8,HDAC6"
"REAC","Signalling to ERKs","REAC:R-HSA-187687","1.5457927464749606e-7","6.810848734930005","31","382","12","10531","MAPK14,MAPK11,MAPK13,BRAF,MAPK12,NTRK1,MAPKAPK2,MAPK3,MAP2K1,MAP2K2,MAPKAPK3,MAPK1"
"REAC","Gap junction assembly","REAC:R-HSA-190861","1.707117627118038e-7","6.767736553256518","38","382","13","10531","TUBB4B,TUBB4A,TUBB2B,TUBB2A,TUBB3,TUBB6,TUBB1,TUBA4A,TUBA1C,TUBA1B,TUBA1A,TUBA3C,TUBA8"
"REAC","MAPK1/MAPK3 signaling","REAC:R-HSA-5684996","2.1979654998574846e-7","6.657979128718311","237","382","31","10531","KIT,FLT3,PDGFRB,PDGFRA,CALM2,CSK,MET,FGFR4,FYN,RET,SRC,ERBB2,EGFR,BRAF,TEK,RAF1,GRIN2B,MAPK3,GRIN1,PSMB1,GRIN2D,PSMB5,CDK1,MAP2K1,MAP2K2,MAPK1,ARAF,MARK3,JAK2,PTK2,PSMB8"
"REAC","G alpha (q) signalling events","REAC:R-HSA-416476","2.81460269604842e-7","6.550582900667496","212","382","29","10531","HTR2A,HTR2C,ADRA1A,HRH1,ADRA1B,CHRM1,HTR2B,CHRM3,PRKCA,PRKCE,BTK,EGFR,CHRM5,PRKCQ,PRKCD,ADRA1D,MMP3,GNRHR,CASR,MAPK3,MAPK1,RPS6KA1,AVPR1A,RPS6KA3,OXTR,AGTR1,HCRTR2,CCKAR,HCRTR1"
"REAC","Developmental Biology","REAC:R-HSA-1266738","3.993064785564401e-7","6.398693643528458","1069","382","78","10531","TUBB4B,TUBB4A,TUBB2B,TUBB2A,TUBB3,TUBB6,TUBB1,TUBA4A,TUBA1C,TUBA1B,TUBA1A,TUBA3C,TUBA8,MAPK8,HDAC2,LYN,MET,FYN,RET,EPHB1,EPHA3,ABL1,SRC,EPHB4,MAPK14,PRKCA,MAPK11,YES1,ABL2,EPHA7,EPHA4,ERBB2,EGFR,FES,MAPK13,HMGCR,PRKCQ,JUN,EPHA2,EPHA8,EPHA5,EPHB2,HDAC3,EPHA1,MAPK12,GSK3B,EPHA6,RXRA,RARB,CDK2,HSPA8,GRIN2B,RARG,RARA,MAPK3,GRIN1,PSMB1,PSMB5,PPARG,MAP2K1,MAP2K2,CDK5,MAPK1,CSNK2A1,PPARA,CAPN1,PAK2,PAK3,PAK1,CSNK2A2,RPS6KA1,RPS6KA3,AKT2,INS,RPS6KA6,PAK4,PTK2,PSMB8"
"REAC","Leishmania infection","REAC:R-HSA-9658195","4.973123429701138e-7","6.303370761726375","303","382","35","10531","DRD1,DRD5,HTR6,MAPK8,CALM2,HTR7,LYN,HCK,FYN,ABL1,MAPK14,YES1,FGR,SYK,BTK,ADRB1,ADRB2,JUN,ADORA2A,ADRB3,ADORA2B,HTR4,HRH2,MAPK3,LHCGR,MAPK1,IGHG1,IGHG2,IGHG4,TAAR1,AVPR2,MC1R,PTK2,ADCY1,MC2R"
"REAC","Immune System","REAC:R-HSA-168256","5.252689727937782e-7","6.279618251857124","2116","382","126","10531","TUBB,TUBB4B,TUBB4A,TUBB2B,TUBB2A,TUBB3,TUBB6,TUBB1,TUBA4A,TUBA1C,TUBA1B,TUBA1A,TUBA3C,TUBA8,MAPK8,KIT,FLT3,PDGFRB,PDGFRA,CSF1R,CALM2,FRK,CSK,LYN,HCK,BLK,TXK,MET,ITK,FGFR4,MAPK10,FYN,RET,TEC,MAPK9,LCK,ABL1,SRC,MAPK14,MAPK11,YES1,PRKCB,FGR,PRKCE,SYK,BTK,ZAP70,ERBB2,EGFR,MAPK13,PRKCQ,ITGAL,PRKCD,JUN,PTGS2,BRAF,MAPK12,PNP,BCL2,PDPK1,CTSK,TEK,RAF1,PLA2G2A,PIM1,MMP3,CTSS,PTK2B,MMP1,ORM2,ATP6V1A,ORM1,OPRM1,PGRMC1,IKBKB,PVR,HSPA8,GRIN2B,MAPKAPK2,PPIA,MAPK3,GRIN1,PTPN4,BCL2L1,OPRD1,PSMB1,GRIN2D,PSMB5,STAT5B,PPP3R1,MAP2K1,MAP2K2,MAPKAPK3,ALOX5,CTSH,MAPK1,ARAF,GM2A,IGHG1,CAPN1,IGHG2,TLR4,CTSF,PAK2,IGHG4,PAK3,PAK1,RPS6KA1,S100B,MTAP,IMPDH2,ARF1,RPS6KA3,IMPDH1,MMP8,LY96,MME,CTSB,AKT2,LTA4H,MARK3,SOD1,JAK2,HSP90B1,PTK2,PSMB8"
"REAC","EPH-ephrin mediated repulsion of cells","REAC:R-HSA-3928665","5.349549179631253e-7","6.271682815557848","49","382","14","10531","LYN,FYN,EPHB1,EPHA3,EPHB4,YES1,EPHA7,EPHA4,EPHA2,EPHA8,EPHA5,EPHB2,EPHA1,EPHA6"
"REAC","RAF/MAP kinase cascade","REAC:R-HSA-5673001","5.612117172569278e-7","6.250873270133158","232","382","30","10531","KIT,FLT3,PDGFRB,PDGFRA,CALM2,CSK,MET,FGFR4,FYN,RET,SRC,ERBB2,EGFR,BRAF,TEK,RAF1,GRIN2B,MAPK3,GRIN1,PSMB1,GRIN2D,PSMB5,MAP2K1,MAP2K2,MAPK1,ARAF,MARK3,JAK2,PTK2,PSMB8"
"REAC","EPHA-mediated growth cone collapse","REAC:R-HSA-3928663","7.142932058336717e-7","6.14612348074901","28","382","11","10531","LYN,FYN,EPHA3,YES1,EPHA7,EPHA4,EPHA2,EPHA8,EPHA5,EPHA1,EPHA6"
"REAC","Prefoldin mediated transfer of substrate  to CCT/TriC","REAC:R-HSA-389957","7.142932058336717e-7","6.14612348074901","28","382","11","10531","TUBB4B,TUBB4A,TUBB2B,TUBB2A,TUBB3,TUBB6,TUBB1,TUBA4A,TUBA1C,TUBA1A,TUBA3C"
"REAC","Carboxyterminal post-translational modifications of tubulin","REAC:R-HSA-8955332","9.775609900377765e-7","6.009856137450706","43","382","13","10531","TUBB4B,TUBB4A,TUBB2B,TUBB2A,TUBB3,TUBB6,TUBB1,TUBA4A,TUBA1C,TUBA1B,TUBA1A,TUBA3C,TUBA8"
"REAC","Negative feedback regulation of MAPK pathway","REAC:R-HSA-5674499","0.0000010247821387324738","5.989368452659863","6","382","6","10531","BRAF,RAF1,MAPK3,MAP2K1,MAP2K2,MAPK1"
"REAC","The role of GTSE1 in G2/M progression after G2 checkpoint","REAC:R-HSA-8852276","0.0000010891421067773572","5.962915451591484","79","382","17","10531","TUBB4B,TUBB4A,TUBB2B,TUBB2A,TUBB3,TUBB6,TUBB1,TUBA4A,TUBA1C,TUBA1B,TUBA1A,TUBA3C,TUBA8,PSMB1,PSMB5,CDK1,PSMB8"
"REAC","Selective autophagy","REAC:R-HSA-9663891","0.0000013377694556900644","5.873618724197928","80","382","17","10531","TUBB4B,TUBB4A,TUBB2B,TUBB2A,TUBB3,TUBB6,TUBB1,TUBA4A,TUBA1C,TUBA1B,TUBA1A,TUBA3C,TUBA8,HSPA8,HDAC6,CSNK2A1,CSNK2A2"
"REAC","Toll-like Receptor Cascades","REAC:R-HSA-168898","0.0000024988706171535988","5.602256229552177","152","382","23","10531","MAPK8,MAPK10,MAPK9,MAPK14,MAPK11,BTK,JUN,CTSK,CTSS,IKBKB,MAPKAPK2,MAPK3,PTPN4,MAP2K1,MAPKAPK3,MAPK1,TLR4,RPS6KA1,S100B,RPS6KA3,LY96,CTSB,HSP90B1"
"REAC","MAPK targets/ Nuclear events mediated by MAP kinases","REAC:R-HSA-450282","0.0000025527538699760244","5.592991056744613","31","382","11","10531","MAPK8,MAPK10,MAPK9,MAPK14,MAPK11,JUN,MAPKAPK2,MAPK3,MAPK1,RPS6KA1,RPS6KA3"
"REAC","Innate Immune System","REAC:R-HSA-168249","0.000002645822932137412","5.57743922370437","1073","382","76","10531","TUBB,TUBB4B,MAPK8,CALM2,FRK,LYN,HCK,TXK,ITK,MAPK10,FYN,TEC,MAPK9,LCK,ABL1,MAPK14,MAPK11,YES1,FGR,PRKCE,SYK,BTK,MAPK13,PRKCQ,ITGAL,PRKCD,JUN,MAPK12,PNP,BCL2,PDPK1,CTSK,RAF1,PLA2G2A,CTSS,ORM2,ATP6V1A,ORM1,PGRMC1,IKBKB,HSPA8,MAPKAPK2,PPIA,MAPK3,PTPN4,BCL2L1,PSMB1,PSMB5,PPP3R1,MAP2K1,MAPKAPK3,ALOX5,CTSH,MAPK1,GM2A,IGHG1,CAPN1,IGHG2,TLR4,PAK2,IGHG4,PAK3,PAK1,RPS6KA1,S100B,IMPDH2,RPS6KA3,IMPDH1,MMP8,LY96,MME,CTSB,LTA4H,HSP90B1,PTK2,PSMB8"
"REAC","Toll Like Receptor TLR6:TLR2 Cascade","REAC:R-HSA-168188","0.0000026683879607881744","5.573751027461464","94","382","18","10531","MAPK8,MAPK10,MAPK9,MAPK14,MAPK11,BTK,JUN,IKBKB,MAPKAPK2,MAPK3,MAP2K1,MAPKAPK3,MAPK1,TLR4,RPS6KA1,S100B,RPS6KA3,LY96"
"REAC","MyD88:MAL(TIRAP) cascade initiated on plasma membrane","REAC:R-HSA-166058","0.0000026683879607881744","5.573751027461464","94","382","18","10531","MAPK8,MAPK10,MAPK9,MAPK14,MAPK11,BTK,JUN,IKBKB,MAPKAPK2,MAPK3,MAP2K1,MAPKAPK3,MAPK1,TLR4,RPS6KA1,S100B,RPS6KA3,LY96"
"REAC","PIP3 activates AKT signaling","REAC:R-HSA-1257604","0.000003055929842024775","5.51485662050579","249","382","30","10531","KIT,PDGFRB,PDGFRA,HDAC2,HDAC1,FRK,MET,FGFR4,FYN,ESR1,LCK,SRC,ERBB2,EGFR,ESR2,JUN,HDAC3,PDPK1,GSK3B,MAPK3,PSMB1,PSMB5,PPARG,GSK3A,MAPK1,CSNK2A1,CSNK2A2,AKT2,INS,PSMB8"
"REAC","Leishmania parasite growth and survival","REAC:R-HSA-9664433","0.0000032454630008589945","5.488723337577185","221","382","28","10531","DRD1,DRD5,HTR6,CALM2,HTR7,LYN,HCK,FYN,MAPK14,YES1,FGR,SYK,ADRB1,ADRB2,ADORA2A,ADRB3,ADORA2B,HTR4,HRH2,LHCGR,IGHG1,IGHG2,IGHG4,TAAR1,AVPR2,MC1R,ADCY1,MC2R"
"REAC","Anti-inflammatory response favouring Leishmania parasite infection","REAC:R-HSA-9662851","0.0000032454630008589945","5.488723337577185","221","382","28","10531","DRD1,DRD5,HTR6,CALM2,HTR7,LYN,HCK,FYN,MAPK14,YES1,FGR,SYK,ADRB1,ADRB2,ADORA2A,ADRB3,ADORA2B,HTR4,HRH2,LHCGR,IGHG1,IGHG2,IGHG4,TAAR1,AVPR2,MC1R,ADCY1,MC2R"
"REAC","Toll Like Receptor 2 (TLR2) Cascade","REAC:R-HSA-181438","0.000004502049419170971","5.346589742041973","97","382","18","10531","MAPK8,MAPK10,MAPK9,MAPK14,MAPK11,BTK,JUN,IKBKB,MAPKAPK2,MAPK3,MAP2K1,MAPKAPK3,MAPK1,TLR4,RPS6KA1,S100B,RPS6KA3,LY96"
"REAC","Toll Like Receptor TLR1:TLR2 Cascade","REAC:R-HSA-168179","0.000004502049419170971","5.346589742041973","97","382","18","10531","MAPK8,MAPK10,MAPK9,MAPK14,MAPK11,BTK,JUN,IKBKB,MAPKAPK2,MAPK3,MAP2K1,MAPKAPK3,MAPK1,TLR4,RPS6KA1,S100B,RPS6KA3,LY96"
"REAC","CREB1 phosphorylation through NMDA receptor-mediated activation of RAS signaling","REAC:R-HSA-442742","0.0000051801496444082155","5.285657694153993","26","382","10","10531","CALM2,PDPK1,GRIN2B,MAPK3,GRIN1,GRIN2D,MAPK1,RPS6KA1,RPS6KA3,RPS6KA6"
"REAC","Signaling by Nuclear Receptors","REAC:R-HSA-9006931","0.000005344581439590688","5.272086300856308","255","382","30","10531","CALM2,HDAC1,ESR1,SRC,PRKCZ,EGFR,ESR2,JUN,HDAC3,NR1H3,BCL2,PDPK1,CHD1,MMP3,RXRA,RARB,RXRB,RARG,RARA,RXRG,MAPK3,MAPK1,ALDH1A2,ALDH1A1,PPARD,AKR1C3,TFF1,ALDH1A3,AKT2,PTK2"
"REAC","Gap junction trafficking","REAC:R-HSA-190828","0.0000057570668619871325","5.239798726663775","49","382","13","10531","TUBB4B,TUBB4A,TUBB2B,TUBB2A,TUBB3,TUBB6,TUBB1,TUBA4A,TUBA1C,TUBA1B,TUBA1A,TUBA3C,TUBA8"
"REAC","RSK activation","REAC:R-HSA-444257","0.00000695381620580853","5.157776792205825","7","382","6","10531","PDPK1,MAPK3,MAPK1,RPS6KA1,RPS6KA3,RPS6KA6"
"REAC","Gap junction trafficking and regulation","REAC:R-HSA-157858","0.000007527272246684952","5.123362376101399","50","382","13","10531","TUBB4B,TUBB4A,TUBB2B,TUBB2A,TUBB3,TUBB6,TUBB1,TUBA4A,TUBA1C,TUBA1B,TUBA1A,TUBA3C,TUBA8"
"REAC","Transcriptional Regulation by MECP2","REAC:R-HSA-8986944","0.0000075663722807594314","5.121112294354139","59","382","14","10531","CALM2,HDAC2,HDAC1,MET,HDAC3,AURKB,SGK1,GRIN2A,OPRM1,OPRK1,GRIN2B,PTPN4,PPARG,CAMK4"
"REAC","Signaling by NTRK1 (TRKA)","REAC:R-HSA-187037","0.000008155468329001208","5.0885510944813515","112","382","19","10531","MAPK14,MAPK11,MAPK13,ADORA2A,BRAF,MAPK12,NTRK2,NTRK1,SGK1,MAPKAPK2,MAPK3,MAP2K1,MAP2K2,CDK5,MAPKAPK3,MAPK1,RPS6KA1,RPS6KA3,MAP2K5"
"REAC","TRAF6 mediated induction of NFkB and MAP kinases upon TLR7/8 or 9 activation","REAC:R-HSA-975138","0.000008831115180176136","5.0539844508939895","90","382","17","10531","MAPK8,MAPK10,MAPK9,MAPK14,MAPK11,JUN,IKBKB,MAPKAPK2,MAPK3,MAP2K1,MAPKAPK3,MAPK1,TLR4,RPS6KA1,S100B,RPS6KA3,LY96"
"REAC","Toll Like Receptor 7/8 (TLR7/8) Cascade","REAC:R-HSA-168181","0.000010504604426048454","4.97862029726269","91","382","17","10531","MAPK8,MAPK10,MAPK9,MAPK14,MAPK11,JUN,IKBKB,MAPKAPK2,MAPK3,MAP2K1,MAPKAPK3,MAPK1,TLR4,RPS6KA1,S100B,RPS6KA3,LY96"
"REAC","MyD88 dependent cascade initiated on endosome","REAC:R-HSA-975155","0.000010504604426048454","4.97862029726269","91","382","17","10531","MAPK8,MAPK10,MAPK9,MAPK14,MAPK11,JUN,IKBKB,MAPKAPK2,MAPK3,MAP2K1,MAPKAPK3,MAPK1,TLR4,RPS6KA1,S100B,RPS6KA3,LY96"
"REAC","Organelle biogenesis and maintenance","REAC:R-HSA-1852241","0.000010508781080310477","4.97844765512255","293","382","32","10531","TUBB,TUBB4B,TUBB4A,TUBB2B,TUBB2A,TUBB3,TUBB6,TUBB1,TUBA4A,TUBA1C,TUBA1B,TUBA1A,TUBA3C,TUBA8,CALM2,MAPK14,MAPK11,TUBG1,ESRRA,HDAC3,MAPK12,NEK2,RXRA,GLUD1,HDAC6,RHO,CDK1,GLUD2,PPARA,CAMK4,SSTR3,MARK4"
"REAC","Hemostasis","REAC:R-HSA-109582","0.000012293919107934642","4.9103096487955415","657","382","53","10531","TUBB4B,TUBB4A,TUBB2B,TUBB2A,TUBB3,TUBB6,TUBB1,TUBA4A,TUBA1C,TUBA1B,TUBA1A,TUBA3C,TUBA8,ADRA2A,ADRA2C,ADRA2B,CALM2,HDAC2,HDAC1,CSK,LYN,FYN,LCK,ABL1,SRC,MAPK14,PRKCA,YES1,PRKCB,PRKCG,FGR,PRKCE,PRKCZ,SYK,PRKCQ,ITGAL,PRKCD,PDPK1,TEK,RAF1,MERTK,MMP1,ORM2,ORM1,CDK2,PPIA,MAPK3,PIK3CG,CDK5,MAPK1,SOD1,JAK2,PTK2"
"REAC","MECP2 regulates neuronal receptors and channels","REAC:R-HSA-9022699","0.000012990395874565458","4.886377613860028","16","382","8","10531","HDAC2,HDAC1,MET,GRIN2A,OPRM1,OPRK1,GRIN2B,PTPN4"
"REAC","Translocation of SLC2A4 (GLUT4) to the plasma membrane","REAC:R-HSA-1445148","0.000015397304333370762","4.812555306151642","72","382","15","10531","TUBB4B,TUBB4A,TUBB2B,TUBB2A,TUBB3,TUBB6,TUBB1,TUBA4A,TUBA1C,TUBA1B,TUBA1A,TUBA3C,TUBA8,CALM2,AKT2"
"REAC","COPI-independent Golgi-to-ER retrograde traffic","REAC:R-HSA-6811436","0.000016165645177248044","4.791406957843194","53","382","13","10531","TUBB4B,TUBB4A,TUBB2B,TUBB2A,TUBB3,TUBB6,TUBB1,TUBA4A,TUBA1C,TUBA1B,TUBA1A,TUBA3C,TUBA8"
"REAC","RHO GTPase Effectors","REAC:R-HSA-195258","0.0000164225175476887","4.784560265410255","283","382","31","10531","TUBB4B,TUBB4A,TUBB2B,TUBB2A,TUBB3,TUBB6,TUBB1,TUBA4A,TUBA1C,TUBA1B,TUBA1A,TUBA3C,TUBA8,CALM2,AR,ABL1,MAPK14,PRKCA,MAPK11,PRKCB,PRKCZ,BTK,PRKCD,PDPK1,AURKB,MAPK3,MAPK1,PAK2,PAK3,PAK1,PTK2"
"REAC","Recruitment of NuMA to mitotic centrosomes","REAC:R-HSA-380320","0.000017421294528197775","4.758919576907894","94","382","17","10531","TUBB,TUBB4B,TUBB4A,TUBB2B,TUBB2A,TUBB3,TUBB6,TUBB1,TUBA4A,TUBA1C,TUBA1B,TUBA1A,TUBA3C,TUBA8,TUBG1,NEK2,CDK1"
"REAC","MAP kinase activation","REAC:R-HSA-450294","0.00001863535333074132","4.729662368505177","63","382","14","10531","MAPK8,MAPK10,MAPK9,MAPK14,MAPK11,JUN,IKBKB,MAPKAPK2,MAPK3,MAP2K1,MAPKAPK3,MAPK1,RPS6KA1,RPS6KA3"
"REAC","Signaling by moderate kinase activity BRAF mutants","REAC:R-HSA-6802946","0.00001987483278997583","4.701696516442374","45","382","12","10531","CALM2,CSK,SRC,BRAF,RAF1,MAPK3,MAP2K1,MAP2K2,MAPK1,ARAF,MARK3,JAK2"
"REAC","Signaling downstream of RAS mutants","REAC:R-HSA-9649948","0.00001987483278997583","4.701696516442374","45","382","12","10531","CALM2,CSK,SRC,BRAF,RAF1,MAPK3,MAP2K1,MAP2K2,MAPK1,ARAF,MARK3,JAK2"
"REAC","Paradoxical activation of RAF signaling by kinase inactive BRAF","REAC:R-HSA-6802955","0.00001987483278997583","4.701696516442374","45","382","12","10531","CALM2,CSK,SRC,BRAF,RAF1,MAPK3,MAP2K1,MAP2K2,MAPK1,ARAF,MARK3,JAK2"
"REAC","Signaling by RAS mutants","REAC:R-HSA-6802949","0.00001987483278997583","4.701696516442374","45","382","12","10531","CALM2,CSK,SRC,BRAF,RAF1,MAPK3,MAP2K1,MAP2K2,MAPK1,ARAF,MARK3,JAK2"
"REAC","Toll Like Receptor 9 (TLR9) Cascade","REAC:R-HSA-168138","0.00002052422428512536","4.687733248096749","95","382","17","10531","MAPK8,MAPK10,MAPK9,MAPK14,MAPK11,JUN,IKBKB,MAPKAPK2,MAPK3,MAP2K1,MAPKAPK3,MAPK1,TLR4,RPS6KA1,S100B,RPS6KA3,LY96"
"REAC","TRIF(TICAM1)-mediated TLR4 signaling ","REAC:R-HSA-937061","0.00002412509048136365","4.617531049155848","96","382","17","10531","MAPK8,MAPK10,MAPK9,MAPK14,MAPK11,JUN,IKBKB,MAPKAPK2,MAPK3,MAP2K1,MAPKAPK3,MAPK1,TLR4,RPS6KA1,S100B,RPS6KA3,LY96"
"REAC","MyD88-independent TLR4 cascade ","REAC:R-HSA-166166","0.00002412509048136365","4.617531049155848","96","382","17","10531","MAPK8,MAPK10,MAPK9,MAPK14,MAPK11,JUN,IKBKB,MAPKAPK2,MAPK3,MAP2K1,MAPKAPK3,MAPK1,TLR4,RPS6KA1,S100B,RPS6KA3,LY96"
"REAC","Platelet activation, signaling and aggregation","REAC:R-HSA-76002","0.000026201638135555206","4.581671555588947","258","382","29","10531","TUBA4A,ADRA2A,ADRA2C,ADRA2B,CALM2,CSK,LYN,FYN,LCK,SRC,MAPK14,PRKCA,PRKCB,PRKCG,PRKCE,PRKCZ,SYK,PRKCQ,PRKCD,PDPK1,RAF1,ORM2,ORM1,PPIA,MAPK3,PIK3CG,MAPK1,SOD1,PTK2"
"REAC","Dopamine receptors","REAC:R-HSA-390651","0.000028612352234212168","4.543446437184398","5","382","5","10531","DRD2,DRD1,DRD5,DRD3,DRD4"
"REAC","Muscarinic acetylcholine receptors","REAC:R-HSA-390648","0.000028612352234212168","4.543446437184398","5","382","5","10531","CHRM1,CHRM3,CHRM2,CHRM4,CHRM5"
"REAC","Signaling by SCF-KIT","REAC:R-HSA-1433557","0.000028848295251337423","4.539879845759969","38","382","11","10531","KIT,LYN,FYN,TEC,LCK,PRKCA,YES1,FER,FES,STAT5B,JAK2"
"REAC","Cell Cycle, Mitotic","REAC:R-HSA-69278","0.00003526120135579029","4.452702895289604","512","382","44","10531","TUBB,TUBB4B,TUBB4A,TUBB2B,TUBB2A,TUBB3,TUBB6,TOP2A,TUBB1,TUBA4A,TUBA1C,TUBA1B,TUBA1A,TUBA3C,TUBA8,HDAC1,PTK6,LYN,ABL1,PRKCA,PRKCB,AURKA,TUBG1,TYMS,GSK3B,AURKB,NEK2,POLA1,CDK2,PSMB1,PSMB5,CDK1,MAPK1,CSNK2A1,CDK7,POLE4,CSNK2A2,POLE3,POLE2,AKT2,RRM2,JAK2,POLE,PSMB8"
"REAC","MHC class II antigen presentation","REAC:R-HSA-2132295","0.000039057178685702216","4.408299131388271","123","382","19","10531","TUBB4B,TUBB4A,TUBB2B,TUBB2A,TUBB3,TUBB6,TUBB1,TUBA4A,TUBA1C,TUBA1B,TUBA1A,TUBA3C,TUBA8,CTSK,CTSS,CTSH,CTSF,ARF1,CTSB"
"REAC","PI3K/AKT Signaling in Cancer","REAC:R-HSA-2219528","0.000048084141591689575","4.317998132666025","89","382","16","10531","KIT,PDGFRB,PDGFRA,MET,FGFR4,FYN,ESR1,LCK,SRC,ERBB2,EGFR,ESR2,PDPK1,GSK3B,GSK3A,AKT2"
"REAC","Toll Like Receptor 4 (TLR4) Cascade","REAC:R-HSA-166016","0.00005795875552948445","4.23688094812288","126","382","19","10531","MAPK8,MAPK10,MAPK9,MAPK14,MAPK11,BTK,JUN,IKBKB,MAPKAPK2,MAPK3,PTPN4,MAP2K1,MAPKAPK3,MAPK1,TLR4,RPS6KA1,S100B,RPS6KA3,LY96"
"REAC","Nuclear Envelope (NE) Reassembly","REAC:R-HSA-2995410","0.00007642279580431003","4.11677707839618","70","382","14","10531","TUBB4B,TUBB4A,TUBB2B,TUBB2A,TUBB3,TUBB6,TUBB1,TUBA4A,TUBA1C,TUBA1B,TUBA1A,TUBA3C,TUBA8,CDK1"
"REAC","Fc epsilon receptor (FCERI) signaling","REAC:R-HSA-2454202","0.00007821693126396582","4.106699227009172","182","382","23","10531","MAPK8,CALM2,LYN,TXK,ITK,MAPK10,FYN,TEC,MAPK9,SYK,BTK,PRKCQ,JUN,PDPK1,IKBKB,MAPK3,PSMB1,PSMB5,PPP3R1,MAPK1,PAK2,PAK1,PSMB8"
"REAC","Interleukin-17 signaling","REAC:R-HSA-448424","0.00009209846389122308","4.035747613333323","71","382","14","10531","MAPK8,MAPK10,MAPK9,MAPK14,MAPK11,JUN,IKBKB,MAPKAPK2,MAPK3,MAP2K1,MAPKAPK3,MAPK1,RPS6KA1,RPS6KA3"
"REAC","Kinesins","REAC:R-HSA-983189","0.00009690736508740445","4.013643214742157","61","382","13","10531","TUBB4B,TUBB4A,TUBB2B,TUBB2A,TUBB3,TUBB6,TUBB1,TUBA4A,TUBA1C,TUBA1B,TUBA1A,TUBA3C,TUBA8"
"REAC","Negative regulation of NMDA receptor-mediated neuronal transmission","REAC:R-HSA-9617324","0.00011187246221071273","3.951276803388966","20","382","8","10531","CALM2,CAMK1,GRIN2A,GRIN2B,GRIN2C,GRIN1,GRIN2D,CAMK4"
"REAC","Signal transduction by L1","REAC:R-HSA-445144","0.00011187246221071273","3.951276803388966","20","382","8","10531","EGFR,MAPK3,MAP2K1,MAP2K2,MAPK1,CSNK2A1,PAK1,CSNK2A2"
"REAC","Signaling by Retinoic Acid","REAC:R-HSA-5362517","0.0001170959235228859","3.9314582238203126","43","382","11","10531","RXRA,RARB,RXRB,RARG,RARA,RXRG,ALDH1A2,ALDH1A1,PPARD,AKR1C3,ALDH1A3"
"REAC","Chaperonin-mediated protein folding","REAC:R-HSA-390466","0.00012319810303907313","3.9093959792333264","95","382","16","10531","TUBB4B,TUBB4A,TUBB2B,TUBB2A,TUBB3,TUBB6,TUBB1,TUBA4A,TUBA1C,TUBA1B,TUBA1A,TUBA3C,TUBA8,HDAC3,CSNK2A1,CSNK2A2"
"REAC","Toll Like Receptor 10 (TLR10) Cascade","REAC:R-HSA-168142","0.00013261090682491843","3.877420755123708","84","382","15","10531","MAPK8,MAPK10,MAPK9,MAPK14,MAPK11,JUN,IKBKB,MAPKAPK2,MAPK3,MAP2K1,MAPKAPK3,MAPK1,RPS6KA1,S100B,RPS6KA3"
"REAC","Toll Like Receptor 5 (TLR5) Cascade","REAC:R-HSA-168176","0.00013261090682491843","3.877420755123708","84","382","15","10531","MAPK8,MAPK10,MAPK9,MAPK14,MAPK11,JUN,IKBKB,MAPKAPK2,MAPK3,MAP2K1,MAPKAPK3,MAPK1,RPS6KA1,S100B,RPS6KA3"
"REAC","MyD88 cascade initiated on plasma membrane","REAC:R-HSA-975871","0.00013261090682491843","3.877420755123708","84","382","15","10531","MAPK8,MAPK10,MAPK9,MAPK14,MAPK11,JUN,IKBKB,MAPKAPK2,MAPK3,MAP2K1,MAPKAPK3,MAPK1,RPS6KA1,S100B,RPS6KA3"
"REAC","Signaling by high-kinase activity BRAF mutants","REAC:R-HSA-6802948","0.00013358501305462642","3.8742422627644544","35","382","10","10531","CSK,SRC,BRAF,RAF1,MAPK3,MAP2K1,MAP2K2,MAPK1,ARAF,MARK3"
"REAC","Negative regulation of the PI3K/AKT network","REAC:R-HSA-199418","0.00014301270555061569","3.84462537718248","96","382","16","10531","KIT,PDGFRB,PDGFRA,MET,FGFR4,FYN,ESR1,LCK,SRC,ERBB2,EGFR,ESR2,MAPK3,MAPK1,AKT2,INS"
"REAC","Apoptosis","REAC:R-HSA-109581","0.00014452028094701053","3.840071202835971","174","382","22","10531","MAPK8,STK24,STK26,BMX,PRKCQ,PRKCD,MAPT,BCL2,MAPK3,BCL2L1,PSMB1,PSMB5,PPP3R1,MAPK1,DAPK2,TLR4,PAK2,DAPK3,LY96,AKT2,PTK2,PSMB8"
"REAC","Mitotic G1 phase and G1/S transition","REAC:R-HSA-453279","0.00017009690350670606","3.7693035923379967","148","382","20","10531","TOP2A,HDAC1,PTK6,LYN,ABL1,TYMS,POLA1,CDK2,PSMB1,PSMB5,CDK1,CDK7,POLE4,POLE3,POLE2,AKT2,RRM2,JAK2,POLE,PSMB8"
"REAC","Intraflagellar transport","REAC:R-HSA-5620924","0.0001763717338501429","3.7535710156698787","54","382","12","10531","TUBB4B,TUBB4A,TUBB2B,TUBB2A,TUBB3,TUBB6,TUBB1,TUBA4A,TUBA1C,TUBA1B,TUBA1A,TUBA3C"
"REAC","Programmed Cell Death","REAC:R-HSA-5357801","0.00019518157388221597","3.709561184307627","177","382","22","10531","MAPK8,STK24,STK26,BMX,PRKCQ,PRKCD,MAPT,BCL2,MAPK3,BCL2L1,PSMB1,PSMB5,PPP3R1,MAPK1,DAPK2,TLR4,PAK2,DAPK3,LY96,AKT2,PTK2,PSMB8"
"REAC","RAF activation","REAC:R-HSA-5673000","0.0002431615289436084","3.61410513453548","29","382","9","10531","CALM2,SRC,BRAF,RAF1,MAP2K1,MAP2K2,ARAF,MARK3,JAK2"
"REAC","Signaling by ERBB2","REAC:R-HSA-1227986","0.0002462217128599099","3.608673651813092","46","382","11","10531","PTK6,MATK,FYN,SRC,PRKCA,YES1,PRKCE,ERBB2,EGFR,PRKCD,AKT2"
"REAC","Hedgehog 'off' state","REAC:R-HSA-5610787","0.00027829739829191133","3.55549085371895","113","382","17","10531","TUBB4B,TUBB4A,TUBB2B,TUBB2A,TUBB3,TUBB6,TUBB1,TUBA4A,TUBA1C,TUBA1B,TUBA1A,TUBA3C,GSK3B,PSMB1,PSMB5,ADCY1,PSMB8"
"REAC","PI5P, PP2A and IER3 Regulate PI3K/AKT Signaling","REAC:R-HSA-6811558","0.00028956295551850215","3.5382569992530586","89","382","15","10531","KIT,PDGFRB,PDGFRA,MET,FGFR4,FYN,ESR1,LCK,SRC,ERBB2,EGFR,ESR2,MAPK3,MAPK1,INS"
"REAC","Protein folding","REAC:R-HSA-391251","0.0002925608854137255","3.5337837383081263","101","382","16","10531","TUBB4B,TUBB4A,TUBB2B,TUBB2A,TUBB3,TUBB6,TUBB1,TUBA4A,TUBA1C,TUBA1B,TUBA1A,TUBA3C,TUBA8,HDAC3,CSNK2A1,CSNK2A2"
"REAC","G2/M Transition","REAC:R-HSA-69275","0.00030026890698156414","3.522489636916761","196","382","23","10531","TUBB,TUBB4B,TUBB4A,TUBB2B,TUBB2A,TUBB3,TUBB6,TUBB1,TUBA4A,TUBA1C,TUBA1B,TUBA1A,TUBA3C,TUBA8,AURKA,TUBG1,NEK2,CDK2,PSMB1,PSMB5,CDK1,CDK7,PSMB8"
"REAC","Gastrin-CREB signalling pathway via PKC and MAPK","REAC:R-HSA-881907","0.00031508996601823703","3.501565426633349","16","382","7","10531","PRKCA,EGFR,MMP3,MAPK3,MAPK1,RPS6KA1,RPS6KA3"
"REAC","VEGFR2 mediated cell proliferation","REAC:R-HSA-5218921","0.00031508996601823703","3.501565426633349","16","382","7","10531","KDR,CALM2,PRKCA,PRKCB,PRKCZ,PRKCD,PDPK1"
"REAC","Mitotic G2-G2/M phases","REAC:R-HSA-453274","0.00035980449615228964","3.443933413970098","198","382","23","10531","TUBB,TUBB4B,TUBB4A,TUBB2B,TUBB2A,TUBB3,TUBB6,TUBB1,TUBA4A,TUBA1C,TUBA1B,TUBA1A,TUBA3C,TUBA8,AURKA,TUBG1,NEK2,CDK2,PSMB1,PSMB5,CDK1,CDK7,PSMB8"
"REAC","RUNX2 regulates osteoblast differentiation","REAC:R-HSA-8940973","0.0003956318561237627","3.402708746443518","23","382","8","10531","AR,ABL1,SRC,YES1,HDAC3,MAPK3,HDAC6,MAPK1"
"REAC","p38MAPK events","REAC:R-HSA-171007","0.00040534154845971344","3.3921788777733237","11","382","6","10531","MAPK14,MAPK11,MAPK13,MAPK12,MAPKAPK2,MAPKAPK3"
"REAC","DSCAM interactions","REAC:R-HSA-376172","0.00040534154845971344","3.3921788777733237","11","382","6","10531","MAPK8,MAPK14,MAPK11,MAPK13,MAPK12,PAK1"
"REAC","MAP2K and MAPK activation","REAC:R-HSA-5674135","0.0004062372050164111","3.3912203044826743","39","382","10","10531","CSK,SRC,BRAF,RAF1,MAPK3,MAP2K1,MAP2K2,MAPK1,ARAF,MARK3"
"REAC","Toll Like Receptor 3 (TLR3) Cascade","REAC:R-HSA-168164","0.0004501149878788458","3.346676525731358","92","382","15","10531","MAPK8,MAPK10,MAPK9,MAPK14,MAPK11,JUN,IKBKB,MAPKAPK2,MAPK3,MAP2K1,MAPKAPK3,MAPK1,RPS6KA1,S100B,RPS6KA3"
"REAC","CD28 co-stimulation","REAC:R-HSA-389356","0.00045890994298584335","3.3382725325491736","31","382","9","10531","LYN,FYN,LCK,YES1,PDPK1,PAK2,PAK3,PAK1,AKT2"
"REAC","Signalling to RAS","REAC:R-HSA-167044","0.0005190179497443223","3.284817622228402","17","382","7","10531","MAPK14,MAPK11,MAPK13,MAPK12,NTRK1,MAPKAPK2,MAPKAPK3"
"REAC","Ephrin signaling","REAC:R-HSA-3928664","0.0005190179497443223","3.284817622228402","17","382","7","10531","FYN,EPHB1,EPHB4,EPHB2,PAK2,PAK3,PAK1"
"REAC","Transcriptional regulation by RUNX2","REAC:R-HSA-8878166","0.0005206613737026014","3.2834446401273643","118","382","17","10531","AR,ESR1,ABL1,SRC,YES1,ESRRA,HDAC3,GSK3B,MAPK3,HDAC6,PSMB1,PSMB5,CDK1,MAPK1,MMP13,AKT2,PSMB8"
"REAC","EPHB-mediated forward signaling","REAC:R-HSA-3928662","0.0005243453329247486","3.2803825931961104","40","382","10","10531","LYN,FYN,EPHB1,EPHB4,YES1,EPHB2,GRIN2B,GRIN1,PAK1,PTK2"
"REAC","RHO GTPases Activate NADPH Oxidases","REAC:R-HSA-5668599","0.0005747948208999496","3.2404871536636057","24","382","8","10531","MAPK14,PRKCA,MAPK11,PRKCB,PRKCZ,PRKCD,MAPK3,MAPK1"
"REAC","Regulation of KIT signaling","REAC:R-HSA-1433559","0.0007859316352181706","3.1046152297096876","12","382","6","10531","KIT,LYN,FYN,LCK,PRKCA,YES1"
"REAC","HCMV Early Events","REAC:R-HSA-9609690","0.0007873182304309179","3.1038496923101895","96","382","15","10531","TUBB4B,TUBB4A,TUBB2B,TUBB2A,TUBB3,TUBB6,TUBB1,TUBA4A,TUBA1C,TUBA1B,TUBA1A,TUBA3C,TUBA8,EGFR,HDAC3"
"REAC","Histamine receptors","REAC:R-HSA-390650","0.0007968313015067507","3.098633614086555","4","382","4","10531","HRH1,HRH4,HRH3,HRH2"
"REAC","Adenosine P1 receptors","REAC:R-HSA-417973","0.0007968313015067507","3.098633614086555","4","382","4","10531","ADORA2A,ADORA1,ADORA2B,ADORA3"
"REAC","Constitutive Signaling by Aberrant PI3K in Cancer","REAC:R-HSA-2219530","0.0008543567709420151","3.068360734351454","62","382","12","10531","KIT,PDGFRB,PDGFRA,MET,FGFR4,FYN,ESR1,LCK,SRC,ERBB2,EGFR,ESR2"
"REAC","Extra-nuclear estrogen signaling","REAC:R-HSA-9009391","0.0008576195710667375","3.0667053168428784","73","382","13","10531","CALM2,ESR1,SRC,PRKCZ,EGFR,ESR2,BCL2,PDPK1,MMP3,MAPK3,MAPK1,AKT2,PTK2"
"REAC","Signaling by BRAF and RAF fusions","REAC:R-HSA-6802952","0.0012165129315767375","2.9148832701424765","64","382","12","10531","CALM2,CSK,SRC,BRAF,RAF1,MAPK3,MAP2K1,MAP2K2,MAPK1,ARAF,MARK3,JAK2"
"REAC","Factors involved in megakaryocyte development and platelet production","REAC:R-HSA-983231","0.0013547550743313323","2.8681392136317037","154","382","19","10531","TUBB4B,TUBB4A,TUBB2B,TUBB2A,TUBB3,TUBB6,TUBB1,TUBA4A,TUBA1C,TUBA1B,TUBA1A,TUBA3C,TUBA8,HDAC2,HDAC1,ABL1,CDK2,CDK5,JAK2"
"REAC","Cell Cycle","REAC:R-HSA-1640170","0.001421451006493031","2.847268104651986","624","382","46","10531","TUBB,TUBB4B,TUBB4A,TUBB2B,TUBB2A,TUBB3,TUBB6,TOP2A,TUBB1,TUBA4A,TUBA1C,TUBA1B,TUBA1A,TUBA3C,TUBA8,HDAC1,PTK6,LYN,ABL1,PRKCA,PRKCB,AURKA,TUBG1,TYMS,GSK3B,AURKB,NEK2,POLA1,CDK2,PSMB1,PSMB5,CDK1,HSPA2,MAPK1,CSNK2A1,CDK7,POLE4,CSNK2A2,CHEK2,POLE3,POLE2,AKT2,RRM2,JAK2,POLE,PSMB8"
"REAC","DNA replication initiation","REAC:R-HSA-68952","0.0014631697431178137","2.834705288212912","8","382","5","10531","POLA1,POLE4,POLE3,POLE2,POLE"
"REAC","COPI-mediated anterograde transport","REAC:R-HSA-6807878","0.0017215338844763482","2.7640844247767484","102","382","15","10531","TUBB4B,TUBB4A,TUBB2B,TUBB2A,TUBB3,TUBB6,TUBB1,TUBA4A,TUBA1C,TUBA1B,TUBA1A,TUBA3C,TUBA8,ARF1,INS"
"REAC","Prolonged ERK activation events","REAC:R-HSA-169893","0.002400822357280115","2.6196399732654037","14","382","6","10531","BRAF,NTRK1,MAPK3,MAP2K1,MAP2K2,MAPK1"
"REAC","Long-term potentiation","REAC:R-HSA-9620244","0.0027357220364059177","2.5629280312895175","21","382","7","10531","CALM2,SRC,GRIN2A,GRIN2B,GRIN2C,GRIN1,GRIN2D"
"REAC","Metabolism of nucleotides","REAC:R-HSA-15869","0.0027450705917166584","2.5614464828354495","93","382","14","10531","DCK,PNP,TYMS,RRM1,ADA,CMPK1,PPAT,ADK,TK2,IMPDH2,IMPDH1,RRM2B,RRM2,NT5C2"
"REAC","ADORA2B mediated anti-inflammatory cytokines production","REAC:R-HSA-9660821","0.0027910413816090653","2.554233724360083","133","382","17","10531","DRD1,DRD5,HTR6,HTR7,ADRB1,ADRB2,ADORA2A,ADRB3,ADORA2B,HTR4,HRH2,LHCGR,TAAR1,AVPR2,MC1R,ADCY1,MC2R"
"REAC","Macroautophagy","REAC:R-HSA-1632852","0.003092269321628662","2.509722688167846","134","382","17","10531","TUBB4B,TUBB4A,TUBB2B,TUBB2A,TUBB3,TUBB6,TUBB1,TUBA4A,TUBA1C,TUBA1B,TUBA1A,TUBA3C,TUBA8,HSPA8,HDAC6,CSNK2A1,CSNK2A2"
"REAC","G alpha (z) signalling events","REAC:R-HSA-418597","0.0031213023876397682","2.5056641554225134","48","382","10","10531","ADRA2A,ADRA2C,ADRA2B,PRKCA,PRKCB,PRKCG,PRKCE,PRKCQ,PRKCD,ADCY1"
"REAC","Autophagy","REAC:R-HSA-9612973","0.003337997950580746","2.476513934298997","149","382","18","10531","TUBB4B,TUBB4A,TUBB2B,TUBB2A,TUBB3,TUBB6,TUBB1,TUBA4A,TUBA1C,TUBA1B,TUBA1A,TUBA3C,TUBA8,HSPA8,HDAC6,CSNK2A1,RNASE1,CSNK2A2"
"REAC","Signaling by Hedgehog","REAC:R-HSA-5358351","0.003337997950580746","2.476513934298997","149","382","18","10531","TUBB4B,TUBB4A,TUBB2B,TUBB2A,TUBB3,TUBB6,TUBB1,TUBA4A,TUBA1C,TUBA1B,TUBA1A,TUBA3C,GSK3B,PSMB1,PSMB5,ULK3,ADCY1,PSMB8"
"REAC","RUNX2 regulates bone development","REAC:R-HSA-8941326","0.0037775490233382587","2.422789890873215","30","382","8","10531","AR,ABL1,SRC,YES1,HDAC3,MAPK3,HDAC6,MAPK1"
"REAC","Oncogenic MAPK signaling","REAC:R-HSA-6802957","0.0043791366552221695","2.35861150201434","72","382","12","10531","CALM2,CSK,SRC,BRAF,RAF1,MAPK3,MAP2K1,MAP2K2,MAPK1,ARAF,MARK3,JAK2"
"REAC","Fcgamma receptor (FCGR) dependent phagocytosis","REAC:R-HSA-2029480","0.005595094118779707","2.252192603519389","140","382","17","10531","LYN,HCK,FYN,ABL1,YES1,FGR,PRKCE,SYK,BTK,PRKCD,MAPK3,MAPK1,IGHG1,IGHG2,IGHG4,PAK1,PTK2"
"REAC","Cilium Assembly","REAC:R-HSA-5617833","0.0058620332364583945","2.231951723534984","201","382","21","10531","TUBB,TUBB4B,TUBB4A,TUBB2B,TUBB2A,TUBB3,TUBB6,TUBB1,TUBA4A,TUBA1C,TUBA1B,TUBA1A,TUBA3C,TUBA8,TUBG1,NEK2,HDAC6,RHO,CDK1,SSTR3,MARK4"
"REAC","COPI-dependent Golgi-to-ER retrograde traffic","REAC:R-HSA-6811434","0.006493333915953149","2.1875322632096283","100","382","14","10531","TUBB4B,TUBB4A,TUBB2B,TUBB2A,TUBB3,TUBB6,TUBB1,TUBA4A,TUBA1C,TUBA1B,TUBA1A,TUBA3C,TUBA8,ARF1"
"REAC","G1/S Transition","REAC:R-HSA-69206","0.009373551192249481","2.028095844436002","131","382","16","10531","HDAC1,PTK6,TYMS,POLA1,CDK2,PSMB1,PSMB5,CDK1,CDK7,POLE4,POLE3,POLE2,AKT2,RRM2,POLE,PSMB8"
"REAC","Frs2-mediated activation","REAC:R-HSA-170968","0.01102552115774078","1.9576008730091778","11","382","5","10531","BRAF,MAPK3,MAP2K1,MAP2K2,MAPK1"
"REAC","CD28 dependent Vav1 pathway","REAC:R-HSA-389359","0.01102552115774078","1.9576008730091778","11","382","5","10531","FYN,LCK,PAK2,PAK3,PAK1"
"REAC","HCMV Infection","REAC:R-HSA-9609646","0.012882487378792594","1.8900002743528894","120","382","15","10531","TUBB4B,TUBB4A,TUBB2B,TUBB2A,TUBB3,TUBB6,TUBB1,TUBA4A,TUBA1C,TUBA1B,TUBA1A,TUBA3C,TUBA8,EGFR,HDAC3"
"REAC","Mitotic Prometaphase","REAC:R-HSA-68877","0.016590693320789517","1.7801354645421594","199","382","20","10531","TUBB,TUBB4B,TUBB4A,TUBB2B,TUBB2A,TUBB3,TUBB6,TUBB1,TUBA4A,TUBA1C,TUBA1B,TUBA1A,TUBA3C,TUBA8,TUBG1,AURKB,NEK2,CDK1,CSNK2A1,CSNK2A2"
"REAC","Resolution of Sister Chromatid Cohesion","REAC:R-HSA-2500257","0.01729620090201936","1.7620492788641875","123","382","15","10531","TUBB4B,TUBB4A,TUBB2B,TUBB2A,TUBB3,TUBB6,TUBB1,TUBA4A,TUBA1C,TUBA1B,TUBA1A,TUBA3C,TUBA8,AURKB,CDK1"
"REAC","Signaling by Rho GTPases","REAC:R-HSA-194315","0.01909840048560341","1.7190030039231978","413","382","32","10531","TUBB4B,TUBB4A,TUBB2B,TUBB2A,TUBB3,TUBB6,TUBB1,TUBA4A,TUBA1C,TUBA1B,TUBA1A,TUBA3C,TUBA8,CALM2,AR,ABL1,MAPK14,PRKCA,MAPK11,PRKCB,PRKCZ,BTK,PRKCD,PDPK1,AURKB,MAPK3,BCR,MAPK1,PAK2,PAK3,PAK1,PTK2"
"REAC","Interleukin-4 and Interleukin-13 signaling","REAC:R-HSA-6785807","0.019425012649673046","1.7116386897120461","110","382","14","10531","PTGS2,BCL2,PIM1,MMP3,MMP1,OPRM1,HSPA8,BCL2L1,OPRD1,ALOX5,IGHG1,IGHG4,JAK2,HSP90B1"
"REAC","Adrenaline signalling through Alpha-2 adrenergic receptor","REAC:R-HSA-392023","0.02213467003235643","1.6549269477847464","3","382","3","10531","ADRA2A,ADRA2C,ADRA2B"
"REAC","Platelet Aggregation (Plug Formation)","REAC:R-HSA-76009","0.024471538416681104","1.6113387276292497","38","382","8","10531","ADRA2A,ADRA2C,ADRA2B,CSK,SRC,SYK,PDPK1,PTK2"
"REAC","Nef and signal transduction","REAC:R-HSA-164944","0.025556660518889357","1.5924958959350368","7","382","4","10531","HCK,FYN,LCK,PAK2"
"REAC","CD209 (DC-SIGN) signaling","REAC:R-HSA-5621575","0.025743351275077826","1.5893349172010665","20","382","6","10531","LYN,FYN,RAF1,PAK2,PAK3,PAK1"
"REAC","Unblocking of NMDA receptors, glutamate binding and activation","REAC:R-HSA-438066","0.025743351275077826","1.5893349172010665","20","382","6","10531","CALM2,GRIN2A,GRIN2B,GRIN2C,GRIN1,GRIN2D"
"REAC","Netrin-1 signaling","REAC:R-HSA-373752","0.0262193522120353","1.5813780424023736","49","382","9","10531","MAPK8,SRC,MAPK14,MAPK11,MAPK13,PRKCQ,MAPK12,PAK1,PTK2"
"REAC","FCGR3A-mediated phagocytosis","REAC:R-HSA-9664422","0.026272476588150937","1.5804989862976069","113","382","14","10531","LYN,HCK,FYN,ABL1,YES1,FGR,SYK,BTK,MAPK3,MAPK1,IGHG1,IGHG2,IGHG4,PTK2"
"REAC","Leishmania phagocytosis","REAC:R-HSA-9664417","0.026272476588150937","1.5804989862976069","113","382","14","10531","LYN,HCK,FYN,ABL1,YES1,FGR,SYK,BTK,MAPK3,MAPK1,IGHG1,IGHG2,IGHG4,PTK2"
"REAC","Parasite infection","REAC:R-HSA-9664407","0.026272476588150937","1.5804989862976069","113","382","14","10531","LYN,HCK,FYN,ABL1,YES1,FGR,SYK,BTK,MAPK3,MAPK1,IGHG1,IGHG2,IGHG4,PTK2"
"REAC","Negative regulation of MAPK pathway","REAC:R-HSA-5675221","0.029824589959662407","1.52542551847003","39","382","8","10531","BRAF,RAF1,MAPK3,MAP2K1,MAP2K2,MAPK1,ARAF,MARK3"
"REAC","EML4 and NUDC in mitotic spindle formation","REAC:R-HSA-9648025","0.0319321459967152","1.49577189376204","115","382","14","10531","TUBB4B,TUBB4A,TUBB2B,TUBB2A,TUBB3,TUBB6,TUBB1,TUBA4A,TUBA1C,TUBA1B,TUBA1A,TUBA3C,TUBA8,AURKB"
"REAC","Synaptic adhesion-like molecules","REAC:R-HSA-8849932","0.03494640297054657","1.4565975195016219","21","382","6","10531","GRIN2A,GRIN2B,GRIN2C,GRIN1,PTPRS,GRIN2D"
"REAC","ERK/MAPK targets","REAC:R-HSA-198753","0.046593276445329505","1.331676748832849","22","382","6","10531","MAPK14,MAPK11,MAPK3,MAPK1,RPS6KA1,RPS6KA3"
"REAC","RAF-independent MAPK1/3 activation","REAC:R-HSA-112409","0.046593276445329505","1.331676748832849","22","382","6","10531","MAPK3,CDK1,MAP2K1,MAP2K2,MAPK1,JAK2"
